{
    "end_session_confirm": "Are you sure you want to end the session?",
    "end_session_confirm_title": "Really end session?",
    "mod_form_field_closingtime": "Close",
    "mod_form_field_openingtime": "Open",
    "userlimitreached": "The number of users allowed in a session has been reached.",
    "view_conference_action_end": "End session",
    "view_conference_action_join": "Join session",
    "view_error_unable_join_student": "Unable to connect to the BigBlueButton server.",
    "view_groups_selection_warning": "There is a room for each group and you have access to more than one. Be sure to select the correct one.",
    "view_message_conference_in_progress": "The session is in progress.",
    "view_message_conference_room_ready": "This room is ready. You can join the session now.",
    "view_message_moderator": "Moderator",
    "view_message_moderators": "Moderators",
    "view_message_norecordings": "There are no recordings available.",
    "view_message_session_started_at": "Session started at",
    "view_message_viewer": "Viewer",
    "view_message_viewers": "Viewers",
    "view_nojoin": "You do not have a role that is allowed to join this session.",
    "view_section_title_recordings": "Recordings"
}
